cal_id,danceability,energy,key,loudness,mode,speechiness,acousticness,instrumentalness,liveness,valence,tempo,time_signature
2pac-trapped,0.773,0.297,10,-17.819,0,0.335,0.0118,0.000132,0.137,0.442,88.265,4
5th_dimension-one_less_bell_to_answer,0.398,0.405,11,-6.664,0,0.0258,0.737,4.97e-05,0.131,0.443,99.694,3
10cc-for_you_and_i,0.541,0.182,9,-14.9,0,0.0294,0.877,0.000718,0.103,0.146,79.399,4
a_tribe_called_quest-bonita_applebum,0.845,0.701,8,-5.111,0,0.209,0.0859,0.00232,0.494,0.647,91.851,4
aaron_neville-tell_it_like_it_is,0.542,0.461,2,-7.071,0,0.0286,0.465,0.0,0.177,0.629,94.214,3
abba-s.o.s.,0.327,0.105,9,-22.821,1,0.0408,0.872,0.305,0.122,0.0895,105.997,4
abc-poison_arrow,0.736,0.876,11,-5.894,0,0.0839,0.182,0.00776,0.119,0.802,125.843,4
ac_dc-dirty_deeds_done_dirt_cheap,0.668,0.906,11,-4.881,0,0.17,0.214,0.00229,0.135,0.507,135.653,4
adam_and_the_ants-prince_charming,0.544,0.667,9,-9.526,1,0.0398,0.179,3.94e-06,0.142,0.665,149.944,4
adam_ant-wonderful,0.538,0.669,3,-8.012,0,0.0255,0.0594,0.000458,0.101,0.382,102.009,4
adverts-gary_gilmores_eyes,0.421,0.598,4,-6.078,0,0.0487,0.0349,4.8e-06,0.416,0.778,157.927,4
aerosmith-dude_looks_like_a_lady,0.54,0.982,4,-2.962,0,0.0458,0.435,3.37e-05,0.0457,0.91,126.294,4
aimee_mann-wise_up,0.341,0.528,7,-9.341,1,0.0383,0.593,0.00774,0.77,0.134,140.26,4
air-sexy_boy,0.435,0.651,0,-6.152,1,0.0288,0.00111,0.609,0.111,0.206,111.896,4
al_green-sha-la-la_make_me_happy,0.747,0.395,0,-13.78,1,0.0321,0.0672,0.0299,0.219,0.85,110.726,4
alanis_morissette-thank_u,0.672,0.616,0,-5.764,1,0.0258,0.379,2.73e-05,0.0887,0.566,92.094,4
alice_cooper-elected,0.295,0.74,9,-13.073,0,0.0344,0.0604,0.142,0.193,0.506,135.299,4
alice_in_chains-no_excuses,0.527,0.838,3,-6.013,1,0.0323,0.0206,0.000662,0.07,0.721,117.454,4
alicia_keys-fallin,0.653,0.609,11,-7.519,0,0.037,0.263,0.00101,0.233,0.482,95.982,3
allman_brothers_band-melissa,0.533,0.362,4,-14.791,1,0.0244,0.478,0.245,0.0857,0.45,82.993,4
altered_images-dont_talk_to_me_about_love,0.63,0.552,5,-12.456,1,0.0343,0.0284,0.275,0.527,0.656,122.617,4
american_music_club-jesus_hands,0.317,0.289,2,-13.587,1,0.0326,0.107,0.0,0.331,0.268,137.394,3
andrews_sisters-boogie_woogie_bugle_boy,0.64,0.479,7,-11.55,1,0.467,0.881,0.000171,0.0973,0.79,166.868,4
ani_difranco-crime_for_crime,0.704,0.352,11,-10.166,0,0.211,0.224,0.0249,0.205,0.355,159.153,4
animals-im_crying,0.477,0.754,10,-6.154,1,0.0344,0.0125,0.0282,0.394,0.713,112.887,4
anita_baker-caught_up_in_the_rapture,0.593,0.506,2,-9.708,1,0.0263,0.412,3.99e-06,0.048,0.378,91.273,4
antiguru-peering,0.413,0.652,6,-11.611,1,0.0317,0.097,0.921,0.0549,0.529,141.996,4
antonio_carlos_jobim-wave,0.552,0.314,7,-20.681,1,0.0337,0.831,0.831,0.0861,0.873,144.921,4
anup-life_glides,0.509,0.873,6,-4.846,1,0.0399,0.00139,0.918,0.107,0.664,120.038,4
aphex_twin-come_to_daddy,0.421,0.944,8,-9.179,1,0.302,0.0764,0.815,0.119,0.222,162.179,4
apples_in_stereo-glowworm,0.327,0.65,7,-8.161,1,0.0351,0.00307,0.000983,0.307,0.431,120.284,4
aretha_franklin-dont_play_that_song,0.513,0.537,0,-9.563,1,0.042,0.563,1.43e-06,0.212,0.831,108.475,4
arlo_guthrie-alices_restaurant_massacree,0.561,0.366,9,-14.14,1,0.327,0.851,0.0,0.813,0.646,78.659,4
art_tatum-willow_weep_for_me,0.459,0.26,2,-16.802,1,0.0413,0.993,0.922,0.556,0.451,171.754,4
artemis-don_t_look_back,0.512,0.687,4,-6.053,0,0.039,0.0562,0.00227,0.0979,0.386,88.819,4
arthur_alexander-you_dont_care,0.615,0.71,5,-7.026,1,0.0277,0.0257,0.11,0.177,0.979,112.247,4
arthur_yoria-at_least_you_ve_been_told,0.741,0.666,5,-7.829,1,0.0447,0.00158,0.254,0.0715,0.743,130.68,3
ashford_and_simpson-solid,0.814,0.474,0,-12.017,1,0.0309,0.27,8.16e-06,0.599,0.956,101.241,4
association-windy,0.676,0.681,5,-9.223,1,0.0292,0.363,0.191,0.0967,0.901,132.953,4
atomic_opera-watergrave,0.488,0.276,6,-11.554,0,0.0288,0.27,5.15e-05,0.0844,0.123,146.525,4
b.b._king-sweet_little_angel,0.431,0.432,6,-9.857,1,0.0311,0.377,0.000125,0.278,0.589,97.555,3
backstreet_boys-as_long_as_you_love_me,0.775,0.816,0,-5.534,1,0.0281,0.164,0.0,0.126,0.753,98.219,4
badly_drawn_boy-all_possibilities,0.581,0.894,9,-6.966,1,0.0407,0.0262,0.0888,0.202,0.789,105.995,4
band-king_harvest_has_surely_come,0.601,0.629,2,-9.75,0,0.0673,0.0827,0.0372,0.0573,0.76,100.171,4
barbara_leoni-don_t_rain_on_my_parade,0.424,0.81,2,-6.233,1,0.0977,0.622,0.000265,0.088,0.672,161.709,4
barenaked_ladies-its_all_been_done,0.521,0.919,2,-3.146,1,0.0475,0.000173,0.00218,0.301,0.746,131.726,4
barry_manilow-mandy,0.308,0.464,10,-9.032,1,0.0279,0.418,2.49e-06,0.143,0.318,103.734,4
barry_white-cant_get_enough_of_your_love_babe,0.729,0.78,5,-7.604,1,0.0631,0.114,0.106,0.0759,0.795,111.833,4
bauhaus-ziggy_stardust,0.235,0.875,7,-7.776,1,0.0735,0.00132,3.15e-06,0.185,0.535,175.503,4
bay_city_rollers-saturday_night,0.514,0.681,7,-10.026,1,0.065,0.199,0.0356,0.0745,0.913,136.821,4
beach_boys-i_get_around,0.39,0.625,9,-7.813,0,0.0537,0.36,0.0,0.0663,0.514,144.338,4
beatles-strawberry_fields_forever,0.39,0.502,10,-12.277,1,0.178,0.336,0.000138,0.0713,0.289,97.871,4
beatundercontrol-this_is_beatundercontrol,0.46,0.943,2,-5.112,1,0.0417,0.00255,0.857,0.0937,0.558,180.019,4
beautiful_south-one_last_love_song,0.371,0.283,5,-13.659,1,0.0262,0.332,0.00128,0.101,0.489,85.218,3
beck-where_its_at,0.68,0.671,2,-7.142,1,0.0536,0.169,0.0286,0.076,0.532,96.941,4
bee_gees-stayin_alive,0.703,0.826,10,-7.179,0,0.0341,0.0322,0.00629,0.179,0.945,103.564,4
belle_and_sebastian-like_dylan_in_the_movies,0.505,0.444,1,-12.672,0,0.0279,0.319,0.000133,0.147,0.625,157.899,4
ben_folds_five-brick,0.542,0.454,2,-10.247,1,0.025,0.645,0.00279,0.15,0.267,96.881,4
beth_quist-survival,0.609,0.224,2,-17.689,1,0.062,0.174,0.344,0.135,0.0678,60.246,4
big_star-in_the_street,0.48,0.721,0,-9.23,1,0.0391,0.00391,0.0457,0.0902,0.59,124.901,4
billie_holiday-god_bless_the_child,0.426,0.145,8,-12.006,1,0.0334,0.944,1.74e-05,0.238,0.24,108.218,4
billy_bragg-jeane,0.54,0.189,4,-11.831,1,0.0378,0.915,0.0,0.111,0.387,112.589,4
billy_joel-we_didnt_start_the_fire,0.712,0.967,7,-5.206,1,0.047,0.0771,0.0,0.356,0.895,145.024,4
birthday_party-mr._clarinet,0.472,0.647,5,-12.903,1,0.035,0.0104,3e-06,0.47,0.84,151.569,4
bjrk-army_of_me,0.462,0.677,6,-9.262,1,0.0327,0.00786,7.15e-05,0.226,0.468,172.192,4
black_crowes-thorn_in_my_pride,0.556,0.839,4,-5.381,1,0.0353,0.0455,0.000374,0.0929,0.538,143.15,4
black_flag-six_pack,0.33,0.784,2,-15.285,1,0.19,0.157,2.08e-05,0.58,0.196,115.402,4
black_sabbath-black_sabbath,0.317,0.431,2,-14.338,1,0.0415,0.0467,0.0457,0.239,0.133,132.652,4
blind_faith-had_to_cry_today,0.321,0.654,5,-12.564,1,0.0465,0.0592,0.0322,0.112,0.692,161.094,4
blind_melon-no_rain,0.389,0.476,9,-9.342,1,0.0316,0.619,5.09e-05,0.255,0.566,148.117,4
blondie-rapture,0.724,0.704,11,-8.258,0,0.0511,0.113,0.00425,0.466,0.96,107.486,4
blood_sweat_and_tears-sometimes_in_winter,0.363,0.347,11,-12.112,0,0.0474,0.301,0.000712,0.238,0.11,81.206,4
blue_yster_cult-burnin_for_you,0.532,0.728,9,-9.079,0,0.0352,0.106,0.0108,0.0849,0.69,134.303,4
blur-country_house,0.331,0.885,9,-6.606,1,0.0924,0.205,0.0,0.123,0.589,175.294,4
bo_diddley-you_cant_judge_a_book_by_its_cover,0.847,0.322,1,-12.922,1,0.0546,0.239,0.0,0.0778,0.946,114.557,4
bob_dylan-ill_be_your_baby_tonight,0.512,0.23,0,-16.412,1,0.0301,0.454,0.000139,0.0508,0.457,127.567,4
bob_marley_and_the_wailers-three_little_birds,0.814,0.482,9,-10.493,1,0.0588,0.0111,1.57e-06,0.0476,0.615,148.404,4
bob_seger-turn_the_page,0.535,0.376,9,-10.004,1,0.0331,0.155,0.0,0.592,0.285,78.827,4
bobby_brown-my_prerogative,0.762,0.625,9,-10.481,1,0.0562,0.0655,0.0,0.252,0.696,110.163,4
bobby_fuller_four-i_fought_the_law,0.593,0.804,7,-5.497,1,0.0319,0.105,2.22e-06,0.047,0.962,148.959,4
bobby_womack-womans_gotta_have_it,0.506,0.59,11,-8.922,0,0.0302,0.567,2.1e-05,0.17,0.735,83.627,4
bomb_the_bass-bug_powder_dust,0.651,0.832,1,-9.957,0,0.0545,0.0294,0.00488,0.894,0.931,98.153,4
bon_jovi-livin_on_a_prayer,0.532,0.887,0,-3.757,1,0.0335,0.0778,0.000214,0.294,0.795,122.511,4
bonnie_tyler-total_eclipse_of_the_heart,0.431,0.723,8,-5.887,1,0.056,0.145,0.0,0.375,0.189,130.547,4
boo_radleys-wake_up_boo,0.471,0.896,6,-6.701,1,0.105,0.0725,0.0,0.193,0.555,144.838,4
boogie_down_productions-the_bridge_is_over,0.822,0.447,0,-9.836,1,0.448,0.0173,0.0,0.0643,0.556,179.837,4
booker_t._and_the_mgs-time_is_tight,0.772,0.43,9,-14.602,0,0.0464,0.067,0.889,0.104,0.959,134.561,4
boston-more_than_a_feeling,0.377,0.682,7,-8.039,1,0.0299,0.000894,0.00217,0.0504,0.288,108.736,4
bots-take_the_power_back,0.914,0.344,4,-8.994,1,0.225,0.387,7e-06,0.0802,0.636,90.055,4
brad_sucks-overreacting,0.646,0.686,9,-8.947,1,0.0376,0.207,0.861,0.0952,0.412,145.984,4
bread-if,0.388,0.176,9,-16.952,1,0.0299,0.912,0.000336,0.0977,0.342,97.628,4
breeders-cannonball,0.502,0.758,3,-9.76,1,0.0407,0.00915,0.783,0.284,0.729,112.508,4
brenton_wood-lovey_dovey_kind_of_love,0.833,0.625,10,-6.866,0,0.0438,0.407,0.000109,0.0929,0.953,107.659,4
brian_eno-here_come_the_warm_jets,0.297,0.641,1,-9.009,0,0.0545,0.00109,0.0385,0.757,0.202,132.088,4
britney_spears-im_a_slave_for_you,0.863,0.197,0,-17.287,0,0.101,0.0317,0.767,0.141,0.69,108.078,4
bruce_springsteen-badlands,0.609,0.778,4,-7.548,1,0.0485,0.0862,1.16e-05,0.278,0.853,122.614,4
bryan_adams-cuts_like_a_knife,0.469,0.464,7,-17.281,1,0.0263,0.0179,2.87e-06,0.577,0.601,95.921,4
buddy_holly-peggy_sue,0.676,0.424,9,-8.132,1,0.0329,0.947,0.000494,0.119,0.493,148.373,4
buena_vista_social_club-el_cuarto_de_tula,0.552,0.664,9,-13.167,1,0.0454,0.595,0.000409,0.299,0.858,104.776,4
buffalo_springfield-for_what_its_worth,0.653,0.519,2,-10.164,1,0.0497,0.406,0.0209,0.101,0.822,98.883,4
buffalo_springfield-mr._soul,0.675,0.549,9,-13.02,1,0.0335,0.105,7.18e-05,0.0533,0.965,134.771,4
buggles-video_killed_the_radio_star,0.675,0.61,1,-13.811,1,0.085,0.0852,0.0188,0.159,0.344,131.037,4
built_to_spill-i_would_hurt_a_fly,0.348,0.577,7,-8.857,0,0.0279,0.000263,0.749,0.0565,0.516,137.973,4
burnshee_thornside-goodbye_on_a_beautiful_day,0.658,0.229,0,-10.538,1,0.0308,0.039,0.000119,0.074,0.183,119.848,4
bush-comedown,0.46,0.81,11,-5.008,0,0.0557,6.54e-05,0.000189,0.123,0.38,139.671,4
busta_rhymes-woo_hah_got_you_all_in_check,0.716,0.924,1,-5.433,1,0.324,0.0985,0.0,0.306,0.786,92.022,4
buzzcocks-everybodys_happy_nowadays,0.535,0.802,7,-7.472,0,0.137,0.00347,6.2e-06,0.18,0.598,110.591,4
byrds-wasnt_born_to_follow,0.48,0.435,7,-8.851,1,0.0359,0.233,7.75e-05,0.204,0.538,93.352,4
c_layne-devil_and_the_woman,0.618,0.36,4,-14.021,0,0.0571,0.176,0.000981,0.0531,0.494,79.979,4
cab_calloway-minnie_the_moocher,0.512,0.322,0,-12.694,1,0.124,0.848,0.0,0.71,0.451,96.92,4
"cake-perhaps,_perhaps,_perhaps",0.721,0.457,7,-8.757,0,0.0546,0.0828,0.000142,0.471,0.911,113.675,4
camper_van_beethoven-take_the_skinheads_bowling,0.436,0.863,0,-11.51,1,0.0361,0.205,8.96e-05,0.113,0.745,145.817,4
canned_heat-on_the_road_again,0.466,0.182,9,-19.537,1,0.0457,0.879,0.0556,0.341,0.216,128.811,4
captain_beefheart_and_the_magic_band-safe_as_milk,0.643,0.489,7,-10.296,0,0.0293,0.591,0.000778,0.196,0.845,85.677,4
cardigans-lovefool,0.64,0.602,9,-7.902,1,0.0299,0.0646,0.0,0.375,0.951,111.87,4
cargo_cult-garden,0.56,0.645,0,-11.638,1,0.0309,0.576,0.00758,0.119,0.547,89.978,4
carl_perkins-matchbox,0.524,0.892,9,-8.231,1,0.0647,0.48,0.00752,0.392,0.923,170.152,4
carly_simon-youre_so_vain,0.659,0.678,0,-8.18,1,0.0313,0.157,6.69e-06,0.0784,0.647,106.186,4
carole_king-youve_got_a_friend,0.474,0.263,8,-10.684,1,0.0336,0.88,4.45e-05,0.123,0.458,168.683,4
carpenters-rainy_days_and_mondays,0.351,0.235,10,-11.513,1,0.0323,0.852,0.0,0.0688,0.218,74.72,4
cars-good_times_roll,0.607,0.662,4,-9.456,1,0.0278,0.0951,8.27e-05,0.125,0.629,107.643,4
cat_power-he_war,0.539,0.761,0,-8.415,1,0.0363,0.885,0.493,0.0862,0.689,170.163,4
catherine_wheel-black_metallic,0.245,0.413,9,-11.762,0,0.0348,0.102,0.027,0.242,0.0872,149.765,4
cc_music_factory-gonna_make_you_sweat_everybody_dance_now,0.573,0.515,6,-18.806,1,0.0876,0.00396,0.573,0.145,0.779,113.432,4
chad_and_jeremy-before_and_after,0.506,0.41,11,-9.521,0,0.0275,0.261,0.0,0.178,0.487,104.114,4
chantal_kreviazuk-surrounded,0.36,0.49,2,-9.047,1,0.0332,0.594,8.39e-06,0.0932,0.353,189.616,4
charles_mingus-mood_indigo,0.348,0.107,0,-22.793,0,0.0306,0.933,0.887,0.1,0.115,58.801,4
charlie_parker-ornithology,0.475,0.689,9,-9.351,0,0.054,0.532,0.00427,0.969,0.823,117.407,4
charlie_rich-behind_closed_doors,0.492,0.329,2,-11.788,1,0.0274,0.961,0.199,0.0955,0.589,85.196,4
cheap_trick-dream_police,0.476,0.766,4,-11.435,1,0.038,0.0446,0.0053,0.214,0.68,137.083,4
chemical_brothers-setting_sun,0.446,0.995,6,-1.169,1,0.223,0.000738,0.13,0.354,0.248,135.041,4
cheryl_ann_fulton-marsh_of_rhuddlan,0.464,0.146,6,-20.693,0,0.0642,0.92,0.894,0.118,0.076,113.32,3
chet_baker-these_foolish_things,0.612,0.0553,3,-18.508,1,0.0382,0.983,0.835,0.178,0.197,57.907,4
chi-lites-stoned_out_of_my_mind,0.745,0.469,6,-15.822,0,0.0414,0.0561,1.28e-06,0.163,0.797,105.858,4
chic-le_freak,0.91,0.641,7,-11.316,1,0.0589,0.0258,6.42e-05,0.0642,0.903,118.533,4
chicago-if_you_leave_me_now,0.429,0.564,11,-6.784,1,0.0268,0.0193,0.000828,0.128,0.276,104.212,4
chills-i_love_my_leather_jacket,0.509,0.804,9,-7.949,1,0.0347,0.594,0.712,0.258,0.837,135.769,4
chris_juergensen-prospects,0.468,0.551,4,-14.219,1,0.0314,0.642,0.406,0.13,0.433,114.883,4
christina_aguilera-genie_in_a_bottle,0.627,0.8,1,-6.945,1,0.162,0.21,0.000123,0.137,0.912,175.815,4
chuck_berry-roll_over_beethoven,0.715,0.797,3,-10.154,1,0.193,0.837,0.0,0.209,0.841,92.739,4
chumbawamba-tubthumping,0.263,0.871,2,-7.496,1,0.131,0.106,0.0,0.363,0.622,206.68,4
church-under_the_milky_way,0.578,0.583,9,-13.416,0,0.0269,0.0548,0.199,0.125,0.519,135.986,4
cilla_black-alfie,0.306,0.257,10,-10.658,1,0.0309,0.941,0.00654,0.118,0.157,145.148,4
clarence_ashley-the_house_carpenter,0.522,0.311,6,-12.768,1,0.0539,0.989,0.0,0.312,0.764,146.178,4
clash-lost_in_the_supermarket,0.608,0.634,4,-11.24,1,0.0725,0.0568,0.00568,0.116,0.841,147.514,4
coasters-poison_ivy,0.75,0.586,1,-8.985,1,0.0706,0.381,0.0,0.142,0.972,137.194,4
coldplay-clocks,0.577,0.749,5,-7.215,0,0.0279,0.599,0.0112,0.183,0.261,130.969,4
contours-do_you_love_me,0.62,0.81,5,-6.594,1,0.039,0.432,0.0,0.0843,0.793,150.737,4
count_basie-lester_leaps_in,0.525,0.0711,2,-23.405,0,0.0655,0.984,0.903,0.111,0.403,124.102,4
counting_crows-speedway,0.642,0.39,7,-10.658,1,0.0414,0.517,0.0153,0.117,0.472,74.743,4
cowboy_junkies-postcard_blues,0.371,0.0209,5,-29.912,0,0.041,0.883,0.0397,0.111,0.219,120.478,4
cranberries-linger,0.439,0.434,7,-14.918,1,0.0265,0.0783,4.87e-05,0.14,0.204,94.845,4
cream-tales_of_brave_ulysses,0.538,0.476,0,-9.215,0,0.049,0.0178,4.26e-05,0.101,0.188,105.642,4
creedence_clearwater_revival-travelin_band,0.513,0.92,6,-6.664,1,0.0511,0.0166,0.0282,0.178,0.963,166.186,4
crosby_stills_nash_and_young-teach_your_children,0.497,0.285,2,-14.537,1,0.0264,0.643,1.66e-05,0.389,0.667,154.7,4
crosby_stills_and_nash-guinnevere,0.467,0.0936,11,-19.998,0,0.0371,0.817,0.00365,0.113,0.178,113.699,4
curandero-aras,0.447,0.294,6,-19.467,0,0.0379,0.896,0.873,0.0556,0.437,130.733,3
cure-just_like_heaven,0.43,0.971,9,-3.845,1,0.0524,0.0271,2.16e-05,0.185,0.764,151.219,4
curtis_mayfield-move_on_up,0.538,0.969,11,-5.626,0,0.0906,0.417,0.00154,0.119,0.928,138.652,4
cyndi_lauper-money_changes_everything,0.594,0.883,6,-4.013,1,0.0375,0.0186,6.14e-05,0.331,0.706,120.465,4
cypress_hill-lowrider,0.91,0.65,0,-5.529,1,0.0919,0.0026,0.0563,0.198,0.681,98.625,4
daft_punk-da_funk,0.806,0.7,0,-5.269,0,0.0752,0.00196,0.891,0.267,0.892,111.215,4
darkness-i_believe_in_a_thing_called_love,0.442,0.846,4,-5.214,1,0.0764,0.0538,4.71e-06,0.282,0.622,128.235,4
dave_matthews_band-ants_marching,0.637,0.856,2,-4.34,1,0.034,0.0187,1.99e-05,0.0157,0.846,113.32,4
david_bowie-song_for_bob_dylan,0.422,0.46,4,-15.41,1,0.0439,0.166,0.0,0.0637,0.633,139.216,4
dead_kennedys-chemical_warfare,0.302,0.972,2,-3.041,1,0.179,0.674,0.0227,0.288,0.52,119.561,4
def_leppard-pour_some_sugar_on_me,0.267,0.953,1,-4.899,0,0.096,0.00211,0.0,0.283,0.568,84.989,4
dennis_brown-tribulation,0.727,0.709,7,-2.643,1,0.087,0.549,1.86e-05,0.114,0.777,145.516,4
depeche_mode-world_in_my_eyes,0.66,0.881,10,-7.802,0,0.0419,0.00737,0.833,0.0514,0.949,122.244,4
devo-girl_u_want,0.735,0.569,9,-7.526,1,0.0596,0.125,7.67e-06,0.05,0.826,172.488,4
diana_ross_and_the_supremes-where_did_our_love_go,0.531,0.47,7,-7.65,1,0.0337,0.349,0.0,0.332,0.544,134.688,4
dido-here_with_me,0.55,0.578,11,-7.973,0,0.0273,0.0876,7.73e-06,0.0757,0.364,83.346,4
dionne_warwick-walk_on_by,0.7,0.33,5,-9.027,1,0.0303,0.719,8.6e-05,0.136,0.524,98.605,4
dire_straits-money_for_nothing,0.667,0.655,2,-9.339,0,0.0367,0.0491,0.000894,0.0641,0.657,134.212,4
dj_jazzy_jeff_and_the_fresh_prince-summertime,0.677,0.54,7,-14.439,1,0.0627,0.0455,1.84e-06,0.845,0.469,95.116,4
dj_markitos-sunset_138_bpm_remix,0.64,0.995,9,-7.562,0,0.0488,0.00293,0.89,0.134,0.106,138.004,4
django_reinhardt-brazil,0.833,0.199,0,-13.781,1,0.0518,0.941,0.907,0.114,0.831,110.689,4
domased-too_slow,0.535,0.664,0,-13.459,1,0.0461,0.0849,0.763,0.102,0.263,195.92,4
donovan-catch_the_wind,0.385,0.306,3,-12.167,1,0.0297,0.452,7.43e-06,0.128,0.546,173.377,3
doobie_brothers-china_grove,0.623,0.91,9,-8.448,1,0.0384,0.319,0.000448,0.081,0.745,145.624,4
doors-touch_me,0.425,0.903,1,-4.801,1,0.0732,0.405,0.0128,0.117,0.769,108.748,4
dr._dre-nuthin_but_a_g_thang,0.801,0.699,11,-8.18,0,0.279,0.00575,0.0,0.146,0.655,94.605,4
dr_kuch-persuaders_dub,0.786,0.91,8,-8.774,0,0.0468,0.0251,0.591,0.327,0.859,131.926,4
drevo-our_watcher_show_us_the_way,0.372,0.12,10,-13.162,1,0.0358,0.98,0.0,0.291,0.195,98.619,3
drop_trio-slapjack,0.512,0.632,2,-10.081,0,0.0324,0.389,0.914,0.0987,0.807,94.595,4
duke_ellington_and_his_orchestra-caravan,0.548,0.278,1,-15.984,1,0.0424,0.713,0.0009,0.0777,0.518,136.867,4
duncan_sheik-barely_breathing,0.482,0.807,0,-6.976,1,0.0457,0.0281,0.0,0.177,0.516,187.918,4
duran_duran-come_undone,0.542,0.793,8,-8.203,1,0.053,0.0423,3.95e-06,0.0814,0.708,173.931,4
eagles-tequila_sunrise,0.632,0.397,7,-12.855,1,0.0265,0.536,0.0421,0.106,0.731,110.578,4
earth_wind_and_fire-september,0.694,0.831,9,-7.288,1,0.0301,0.165,0.000892,0.25,0.98,125.901,4
eels-cancer_for_the_cure,0.621,0.937,5,-6.421,1,0.26,0.0052,0.0811,0.34,0.866,142.015,4
electric_frankenstein-teenage_shutdown,0.339,0.987,1,-6.231,0,0.0726,0.0803,0.0,0.873,0.155,89.446,4
elliott_smith-baby_britain,0.682,0.444,7,-8.716,1,0.0327,0.571,0.0,0.11,0.572,119.547,4
elton_john-tiny_dancer,0.414,0.428,0,-11.097,1,0.0278,0.382,0.000243,0.148,0.282,145.075,4
elvis_costello-less_than_zero,0.794,0.489,5,-10.309,1,0.0596,0.429,4.58e-06,0.0648,0.924,112.779,4
elvis_presley-heartbreak_hotel,0.696,0.21,4,-11.922,1,0.067,0.84,1.62e-06,0.107,0.717,93.543,4
eminem-my_fault,0.754,0.631,11,-8.083,0,0.395,0.0463,1.39e-06,0.25,0.84,190.04,4
erasure-chains_of_love,0.747,0.698,0,-11.22,1,0.0333,0.0149,4.53e-05,0.384,0.788,122.11,4
eric_clapton-wonderful_tonight,0.572,0.214,7,-15.625,1,0.0293,0.649,0.129,0.125,0.485,95.542,4
etherine-never_leave,0.126,0.133,0,-16.44,1,0.0411,0.845,0.864,0.113,0.0644,69.378,1
eurythmics-sweet_dreams,0.692,0.711,0,-7.498,0,0.0317,0.225,0.0,0.12,0.875,125.135,4
evanescence-my_immortal,0.19,0.265,9,-9.206,1,0.0356,0.863,0.0,0.134,0.101,79.012,4
everly_brothers-take_a_message_to_mary,0.745,0.174,4,-18.106,1,0.0525,0.255,0.0,0.141,0.305,118.292,4
faith_hill-lets_make_love,0.362,0.459,0,-8.62,1,0.0274,0.342,0.0,0.111,0.158,147.063,4
faith_no_more-epic,0.358,0.893,4,-7.486,0,0.12,0.0222,0.0524,0.126,0.262,174.238,4
falik-bliss,0.778,0.298,1,-18.701,1,0.0472,0.0146,0.253,0.135,0.459,134.985,4
fiona_apple-love_ridden,0.266,0.249,0,-12.908,1,0.0441,0.798,0.0,0.197,0.086,78.793,4
fleetwood_mac-say_you_love_me,0.723,0.596,9,-13.436,1,0.0308,0.0187,0.00513,0.16,0.962,128.068,4
flying_burrito_brothers-break_my_mind,0.507,0.718,5,-11.212,1,0.048,0.134,0.111,0.333,0.773,157.722,4
foo_fighters-big_me,0.579,0.708,0,-10.419,1,0.0374,0.442,0.0,0.11,0.846,130.97,4
four_stones-brilliant_day_eine_kleine_mix,0.295,0.157,3,-15.11,0,0.0356,0.94,0.0479,0.318,0.187,82.379,4
frank_sinatra-fly_me_to_the_moon,0.668,0.26,7,-14.256,1,0.0523,0.453,0.0,0.0621,0.368,119.416,4
frank_zappa-whats_the_ugliest_part_of_your_body,0.4,0.337,7,-11.868,1,0.0705,0.744,2.16e-05,0.283,0.673,182.945,5
franz_ferdinand-come_on_home,0.58,0.871,9,-8.894,0,0.0452,0.000728,0.246,0.0762,0.508,116.409,4
garbage-hammering_in_my_head,0.542,0.9,1,-6.616,0,0.0564,0.00349,0.0633,0.128,0.675,142.889,4
gene_clark-the_true_one,0.61,0.589,9,-12.568,1,0.027,0.123,0.00118,0.356,0.675,108.197,4
genesis-cuckoo_cocoon,0.315,0.324,4,-10.57,0,0.0441,0.974,0.00353,0.185,0.209,82.755,4
george_harrison-all_things_must_pass,0.513,0.569,9,-8.278,1,0.029,0.468,0.00134,0.111,0.441,122.676,4
germs-lexicon_devil,0.504,0.877,4,-7.469,0,0.053,0.000242,2.66e-06,0.293,0.821,106.272,4
gin_blossoms-hey_jealousy,0.471,0.797,6,-8.407,0,0.0389,0.000179,6.49e-06,0.299,0.497,152.903,4
glenn_miller-in_the_mood,0.645,0.398,8,-12.208,1,0.11,0.854,0.306,0.0731,0.705,82.768,4
gloria_gaynor-i_will_survive,0.777,0.725,0,-8.681,1,0.05,0.0131,0.00805,0.246,0.529,116.669,4
go-gos-vacation,0.621,0.685,9,-5.799,1,0.031,0.00727,0.0528,0.327,0.484,129.999,4
gram_parsons-1000_wedding,0.454,0.333,1,-10.405,1,0.0243,0.528,0.00035,0.097,0.239,77.815,4
grateful_dead-high_time,0.528,0.159,4,-13.696,1,0.0267,0.76,0.000205,0.209,0.423,82.986,3
grayson_wray-heaven_s_the_place,0.701,0.582,7,-6.858,1,0.0615,0.364,0.000706,0.0729,0.575,141.03,4
green_day-longview,0.381,0.732,10,-7.594,0,0.0536,0.00834,0.0101,0.0854,0.814,142.504,4
guided_by_voices-kicker_of_elves,0.401,0.688,8,-14.476,0,0.0989,0.351,3.98e-05,0.105,0.125,79.778,4
guns_n_roses-november_rain,0.294,0.641,11,-9.316,1,0.0291,0.0163,0.22,0.112,0.226,79.759,4
hall_and_oates-private_eyes,0.85,0.938,9,-6.889,0,0.0415,0.409,0.000346,0.0582,0.84,120.826,4
howlin_wolf-moanin_at_midnight,0.362,0.507,11,-13.978,0,0.0463,0.884,0.00607,0.116,0.755,93.468,4
human_response-angels,0.638,0.549,7,-15.206,1,0.0335,0.694,0.94,0.0977,0.46,139.997,4
hybris-hate,0.399,0.946,7,-6.531,1,0.0746,5.3e-06,0.256,0.139,0.325,155.025,4
ike_and_tina_turner-river_deep_mountain_high,0.621,0.972,8,-3.791,1,0.0724,0.472,0.000585,0.195,0.866,155.113,4
indidginus-dusty_lands,0.596,0.782,10,-12.944,0,0.0439,0.04,0.889,0.153,0.381,99.983,4
interpol-stella_was_a_diver_and_she_was_always_down,0.417,0.845,5,-5.502,1,0.031,0.0142,0.809,0.221,0.454,114.467,4
introspekt-tbd,0.792,0.696,10,-12.417,0,0.0648,0.00408,0.841,0.0885,0.347,129.135,4
ivilion-d_b_l,0.368,0.957,1,-9.068,1,0.25,0.0189,0.202,0.122,0.0376,120.048,4
jackalopes-rotgut,0.499,0.948,11,-6.912,0,0.0817,5.78e-05,0.0146,0.144,0.91,144.981,4
jackson_5-abc,0.715,0.678,8,-11.842,1,0.0475,0.486,0.000192,0.15,0.947,94.769,4
jacques_brel-les_vieux,0.511,0.147,0,-16.325,1,0.0531,0.764,0.0,0.0804,0.325,80.821,1
jag-jag_s_rag,0.724,0.663,2,-6.995,1,0.0287,0.0673,0.0,0.352,0.521,128.961,4
james_brown-give_it_up_or_turnit_a_loose,0.703,0.88,11,-7.133,0,0.0608,0.00964,0.456,0.111,0.743,114.763,4
james_taylor-fire_and_rain,0.597,0.271,5,-17.293,1,0.0394,0.766,0.0119,0.0933,0.338,76.271,4
jamie_janover-event_horizon,0.326,0.296,11,-14.888,0,0.0306,0.921,0.912,0.133,0.132,148.035,4
jamiroquai-little_l,0.878,0.724,10,-5.373,0,0.129,0.168,0.0116,0.133,0.904,121.906,4
jan_and_dean-surf_city,0.534,0.807,8,-12.871,1,0.0349,0.497,5e-05,0.232,0.964,147.843,4
janes_addiction-been_caught_stealing,0.683,0.9,7,-7.506,1,0.105,0.0146,0.0706,0.296,0.616,103.625,4
janet_jackson-miss_you_much,0.702,0.975,6,-7.968,0,0.0396,0.0305,0.000134,0.165,0.646,115.185,4
jay_kishor-raga_malgunji_jor,0.41,0.142,6,-15.708,1,0.0347,0.91,0.0448,0.108,0.0747,121.084,4
jeff_buckley-last_goodbye,0.541,0.829,2,-5.045,1,0.038,0.0256,0.000432,0.233,0.516,86.934,4
jefferson_airplane-somebody_to_love,0.504,0.578,4,-9.302,1,0.031,0.408,0.0,0.321,0.654,132.411,4
jerry_lee_lewis-great_balls_of_fire,0.4,0.818,0,-11.238,1,0.08,0.458,3.25e-06,0.132,0.936,166.287,4
jesse_manno-alf_leyla_wa_leyla,0.511,0.533,0,-7.832,1,0.035,0.532,0.945,0.12,0.627,130.481,3
jewel-enter_from_the_east,0.323,0.114,7,-17.79,1,0.0365,0.907,0.00646,0.115,0.224,142.505,4
jimi_hendrix-highway_chile,0.432,0.938,5,-3.716,0,0.139,0.269,0.000697,0.192,0.637,138.522,4
john_cale-pablo_picasso,0.382,0.84,9,-10.459,1,0.0402,0.0354,0.00558,0.697,0.943,205.249,4
john_coltrane-giant_steps,0.431,0.491,0,-10.746,0,0.0562,0.441,0.000458,0.134,0.577,148.243,4
john_lee_hooker-boom_boom,0.441,0.455,10,-14.207,1,0.0485,0.62,0.00187,0.135,0.918,160.9,4
john_lennon-imagine,0.547,0.257,0,-12.358,1,0.0252,0.907,0.183,0.0935,0.169,75.752,4
johnny_cash-the_man_comes_around,0.635,0.584,0,-7.912,1,0.144,0.52,0.0951,0.962,0.753,97.067,4
joram-solipsism,0.46,0.817,0,-8.717,1,0.0341,0.745,0.868,0.124,0.697,170.009,4
joy_division-love_will_tear_us_apart,0.525,0.902,2,-8.662,1,0.0368,0.000989,0.691,0.137,0.907,146.83,4
junior_murvin-police_and_thieves,0.932,0.359,11,-12.958,0,0.0944,0.0597,0.0,0.136,0.906,127.153,4
kansas-carry_on_wayward_son,0.483,0.786,7,-5.735,1,0.0319,0.00316,8.86e-05,0.446,0.793,126.748,4
kanye_west-gold_digger,0.631,0.696,1,-5.572,0,0.348,0.0192,0.0,0.0554,0.621,92.941,4
kenji_williams-i_m_alive,0.671,0.492,2,-12.937,0,0.043,0.0155,0.877,0.165,0.746,119.997,4
king_crimson-thela_hun_ginjeet,0.579,0.87,11,-9.156,1,0.0571,0.087,0.0554,0.347,0.655,130.957,4
kiss-deuce,0.44,0.879,6,-7.023,1,0.0728,0.00356,0.701,0.294,0.599,127.686,4
kool_and_the_gang-funky_stuff,0.738,0.844,11,-9.53,0,0.0675,0.00139,0.046,0.033,0.576,100.894,4
kourosh_zolani-peaceful_planet,0.243,0.434,5,-10.54,1,0.034,0.908,0.77,0.104,0.126,85.363,4
kraftwerk-spacelab,0.527,0.751,8,-8.764,1,0.0361,0.0412,0.798,0.644,0.135,123.491,4
kris_kristofferson-the_best_of_all_possible_worlds,0.735,0.622,9,-10.216,1,0.029,0.233,0.0,0.0997,0.853,106.389,4
lambert_hendricks_and_ross-gimme_that_wine,0.656,0.556,10,-7.059,1,0.114,0.731,0.0,0.0663,0.936,105.401,4
led_zeppelin-immigrant_song,0.564,0.932,11,-10.068,1,0.0554,0.013,0.169,0.349,0.619,112.937,4
leonard_cohen-suzanne,0.409,0.172,6,-16.44,0,0.0389,0.922,0.00112,0.111,0.352,132.151,4
lisa_debenedictis-fruitless,0.543,0.39,2,-17.209,1,0.0503,0.779,0.0107,0.0859,0.44,95.987,4
live-lightning_crashes,0.385,0.433,11,-9.256,1,0.0435,0.241,7.07e-06,0.11,0.427,89.974,4
liz_phair-supernova,0.517,0.758,9,-10.457,1,0.0363,0.000362,0.723,0.332,0.705,130.708,4
ll_cool_j-mama_said_knock_you_out,0.791,0.759,10,-7.378,0,0.129,0.0314,0.674,0.255,0.619,102.382,4
los_lobos-corrido_1,0.638,0.808,7,-8.784,1,0.0387,0.042,0.00052,0.308,0.963,143.527,4
lou_reed-walk_on_the_wild_side,0.575,0.318,0,-16.729,1,0.109,0.683,0.000202,0.0934,0.385,104.522,4
louis_armstrong-hotter_than_that,0.782,0.409,3,-10.191,1,0.0676,0.894,0.278,0.309,0.907,106.03,4
love-you_set_the_scene,0.431,0.371,7,-17.166,1,0.0479,0.354,5.67e-05,0.0604,0.517,95.824,4
love_and_rockets-mirror_people,0.408,0.868,7,-9.205,0,0.0456,5.67e-05,0.00107,0.0654,0.396,137.38,4
lynyrd_skynyrd-sweet_home_alabama,0.596,0.605,7,-12.145,1,0.0255,0.181,0.000331,0.0863,0.886,97.798,4
macy_gray-i_try,0.593,0.642,2,-7.284,1,0.0299,0.313,0.000582,0.0804,0.736,76.403,4
madness-baggy_trousers,0.64,0.887,0,-5.204,0,0.0368,0.143,0.0,0.336,0.94,144.546,4
madonna-ray_of_light,0.561,0.909,3,-7.878,1,0.0312,0.00118,0.46,0.0713,0.71,127.172,4
mamas_and_the_papas-words_of_love,0.444,0.704,10,-6.679,0,0.0453,0.6,0.0,0.235,0.595,115.942,4
manassas-bound_to_fall,0.499,0.475,0,-9.501,1,0.0289,0.177,0.0,0.65,0.528,102.336,4
marvelettes-please_mr._postman,0.785,0.776,2,-5.259,1,0.0312,0.729,0.0,0.181,0.967,121.505,4
marvin_gaye-whats_going_on,0.433,0.733,1,-9.244,0,0.0491,0.307,0.000144,0.0827,0.742,102.662,4
mary_wells-my_guy,0.691,0.581,10,-7.85,1,0.065,0.557,4.62e-05,0.147,0.91,126.615,4
massive_attack-risingson,0.521,0.892,10,-6.905,0,0.115,0.0242,0.681,0.0667,0.299,164.049,4
mazzy_star-fade_into_you,0.42,0.33,9,-13.925,1,0.0275,0.245,0.000679,0.0677,0.175,157.143,3
mc_hammer-u_cant_touch_this,0.867,0.517,11,-13.222,0,0.0875,0.00456,0.000339,0.0864,0.866,133.148,4
memories_of_tomorrow-transcend_fate_of_a_dj,0.555,0.898,7,-9.889,0,0.0338,8.66e-05,0.662,0.0998,0.648,140.008,4
men_at_work-who_can_it_be_now,0.805,0.479,4,-14.734,1,0.0436,0.0627,0.000143,0.104,0.962,128.411,4
metallica-one,0.438,0.687,7,-9.15,1,0.0619,0.000668,0.0801,0.42,0.426,103.01,3
michael_jackson-billie_jean,0.92,0.654,11,-3.051,0,0.0401,0.0236,0.0158,0.0359,0.847,117.046,4
michael_masley-advice_from_the_angel_of_thresholds,0.345,0.15,11,-19.541,0,0.0408,0.765,0.875,0.134,0.0327,91.013,4
miles_davis-blue_in_green,0.421,0.0161,2,-25.358,0,0.0374,0.81,0.0021,0.0978,0.16,110.926,4
moby-porcelain,0.297,0.637,0,-7.926,0,0.0336,0.0014,0.18,0.247,0.332,94.73,4
modest_mouse-what_people_are_made_of,0.404,0.857,11,-5.278,0,0.0548,0.000535,0.195,0.0994,0.54,165.843,4
monkees-a_little_bit_me_a_little_bit_you,0.609,0.818,5,-4.62,1,0.0425,0.114,0.316,0.0999,0.922,78.955,4
monoide-golden_key,0.81,0.835,2,-6.402,1,0.0404,0.0459,0.828,0.126,0.213,123.012,4
morrissey-everyday_is_like_sunday,0.6,0.869,0,-5.126,1,0.0302,0.00345,0.441,0.311,0.56,117.064,4
mose_allison-monsters_of_the_id,0.352,0.177,3,-11.756,1,0.0356,0.578,0.00149,0.231,0.15,76.408,3
mott_the_hoople-roll_away_the_stone,0.556,0.901,1,-7.627,1,0.0533,0.0331,0.0,0.728,0.701,124.652,4
mr_epic-ruff_and_tumble,0.501,0.546,4,-13.82,0,0.0815,0.131,0.361,0.17,0.775,90.006,4
mr_gelatine-knysnamushrooms,0.626,0.706,9,-9.699,0,0.054,0.737,0.903,0.066,0.936,76.02,4
mrdc-leaving,0.71,0.824,2,-8.222,0,0.0755,0.104,0.863,0.0965,0.536,159.957,4
muddy_waters-im_ready,0.744,0.354,10,-13.479,0,0.044,0.789,0.0,0.0856,0.683,121.001,4
muddy_waters-mannish_boy,0.598,0.735,2,-10.882,1,0.0973,0.44,0.000215,0.681,0.615,111.129,3
my_bloody_valentine-when_you_sleep,0.4,0.82,11,-12.281,1,0.0466,0.000295,0.79,0.236,0.135,128.894,4
myles_cochran-getting_stronger,0.609,0.435,5,-9.512,1,0.025,0.773,0.00616,0.105,0.309,85.424,4
napoleon_blown_aparts-higher_education,0.446,0.883,0,-5.195,1,0.0641,0.000157,1.62e-06,0.396,0.551,107.12,4
natalie_imbruglia-torn,0.575,0.886,5,-5.182,1,0.034,0.0647,0.000187,0.709,0.608,96.308,4
neil_young-razor_love,0.567,0.309,7,-14.102,1,0.0346,0.71,0.00676,0.101,0.35,126.351,4
neil_young_and_crazy_horse-western_hero,0.68,0.314,10,-15.468,1,0.027,0.251,0.0182,0.124,0.469,91.005,4
nelly-country_grammar,0.865,0.664,2,-6.822,1,0.108,0.00689,0.0,0.142,0.565,162.831,4
neutral_milk_hotel-where_youll_find_me_now,0.358,0.328,0,-16.0,1,0.0306,0.044,0.0407,0.472,0.155,92.898,4
new_order-blue_monday,0.793,0.703,0,-9.548,1,0.0581,0.000726,0.88,0.075,0.856,130.27,4
nine_inch_nails-head_like_a_hole,0.663,0.792,9,-11.255,1,0.0456,0.00787,0.00183,0.582,0.443,115.386,4
nirvana-aneurysm,0.298,0.823,7,-9.793,1,0.0816,7.66e-05,7.53e-05,0.132,0.235,135.596,4
no_doubt-artificial_sweetener,0.567,0.779,10,-4.538,0,0.0443,0.00881,0.0,0.911,0.284,130.945,4
no_doubt-simple_kind_of_life,0.576,0.849,0,-5.199,1,0.0355,0.0678,0.0,0.278,0.482,119.999,4
norah_jones-dont_know_why,0.732,0.198,5,-11.775,1,0.028,0.883,1.1e-05,0.0659,0.618,88.174,4
norine_braun-spanish_banks,0.599,0.4,2,-12.326,1,0.0295,0.532,0.0,0.277,0.428,135.079,4
nova_express-i_m_alive,0.246,0.969,6,-4.394,0,0.174,1.48e-05,0.657,0.111,0.581,194.878,4
oasis-supersonic,0.355,0.893,9,-3.921,1,0.0391,6.64e-05,0.0189,0.233,0.653,104.02,4
ojays-livin_for_the_weekend,0.511,0.764,9,-6.975,0,0.0909,0.116,0.0,0.371,0.673,126.412,4
olivia_tremor_control-i_have_been_floated,0.266,0.43,11,-11.758,0,0.0313,0.155,2.09e-05,0.203,0.226,75.887,4
otis_redding-mr._pitiful,0.806,0.489,0,-12.898,1,0.104,0.0544,2.88e-05,0.0696,0.899,123.753,4
outkast-ms._jackson,0.843,0.805,4,-5.946,0,0.269,0.142,0.0,0.0771,0.615,94.946,4
panacea-dragaicuta,0.388,0.194,9,-7.074,1,0.0336,0.865,0.0912,0.108,0.24,111.145,3
pantera-becoming,0.578,0.896,0,-5.699,1,0.0497,0.00104,0.00513,0.126,0.576,129.843,4
paul_mccartney-ebony_and_ivory,0.567,0.692,4,-7.881,1,0.0379,0.0784,0.0,0.0338,0.708,160.697,4
pearl_jam-yellow_ledbetter,0.504,0.354,4,-11.3,1,0.0339,0.29,4.71e-06,0.157,0.292,140.87,4
pet_shop_boys-being_boring,0.634,0.804,1,-9.552,0,0.0391,0.059,0.289,0.169,0.263,119.775,4
pink_floyd-echoes,0.285,0.322,6,-16.58,0,0.044,0.366,0.651,0.107,0.142,134.042,4
pixies-wave_of_mutilation,0.642,0.355,5,-14.196,1,0.0328,0.094,3.42e-05,0.0865,0.724,180.258,4
pizzle-what_s_wrong_with_my_footm,0.295,0.981,9,-3.491,1,0.203,0.129,0.0,0.0893,0.0333,159.328,4
pj_harvey-dry,0.445,0.456,2,-15.454,1,0.0308,0.000861,0.000905,0.15,0.471,99.871,4
police-every_little_thing_she_does_is_magic,0.558,0.768,2,-9.997,1,0.0343,0.121,0.0626,0.124,0.429,81.909,4
portishead-all_mine,0.601,0.656,8,-2.692,0,0.0403,0.11,0.0148,0.103,0.342,60.161,4
pretenders-day_after_day,0.421,0.866,4,-5.459,1,0.0428,0.0212,0.848,0.199,0.618,138.645,4
primus-jerry_was_a_race_car_driver,0.508,0.887,1,-12.377,0,0.0661,0.0099,0.392,0.345,0.724,122.655,4
processor-nibtal_7,0.652,0.989,1,-4.81,1,0.176,0.0633,0.421,0.0942,0.383,139.98,4
propellerheads-take_california,0.749,0.873,0,-5.651,1,0.0571,0.000259,0.807,0.172,0.143,119.833,4
psychedelic_furs-love_my_way,0.637,0.85,0,-5.054,1,0.0351,0.0048,0.000179,0.152,0.52,126.106,4
psychetropic-dead_slow_day,0.354,0.459,6,-15.504,1,0.0394,0.745,0.442,0.078,0.377,133.384,4
queen-we_will_rock_you,0.693,0.497,2,-7.316,1,0.119,0.679,0.0,0.258,0.473,81.308,4
radiohead-karma_police,0.36,0.505,7,-9.129,1,0.026,0.0626,9.22e-05,0.172,0.317,74.807,4
r.e.m.-camera,0.403,0.442,2,-8.868,1,0.0348,0.102,0.00362,0.138,0.262,95.217,4
rage_against_the_machine-maggies_farm,0.412,0.838,9,-1.93,1,0.0427,0.0023,0.00344,0.152,0.483,86.604,4
ramones-i_just_want_to_have_something_to_do,0.556,0.947,9,-3.588,0,0.0392,0.0274,1.34e-05,0.0436,0.411,137.478,4
randy_newman-sail_away,0.341,0.161,5,-12.324,1,0.0326,0.936,0.000488,0.12,0.0961,134.75,4
ray_charles-hit_the_road_jack,0.559,0.631,8,-11.184,0,0.229,0.628,0.0,0.336,0.929,173.172,4
red_hot_chili_peppers-give_it_away,0.666,0.936,7,-9.919,1,0.0476,0.00244,0.086,0.153,0.776,91.577,4
replacements-answering_machine,0.229,0.889,4,-6.217,1,0.155,0.95,0.493,0.834,0.596,141.486,3
rick_james-super_freak,0.838,0.794,9,-8.245,0,0.0531,0.22,0.0,0.0575,0.962,132.446,4
robert_johnson-sweet_home_chicago,0.691,0.0958,1,-13.9,0,0.143,0.98,1.61e-05,0.0931,0.519,101.574,4
rocket_city_riot-mine_tonite,0.407,0.908,4,-5.538,1,0.0464,1.24e-05,0.00745,0.0832,0.742,99.031,4
rolling_stones-little_by_little,0.482,0.719,9,-8.794,1,0.0558,0.0146,0.13,0.155,0.909,87.743,4
ronettes-walking_in_the_rain,0.5,0.655,10,-8.313,1,0.0308,0.386,0.0,0.0915,0.41,107.75,4
roots_of_rebellion-legend,0.296,0.883,5,-4.213,1,0.093,0.00696,0.0,0.0718,0.57,136.741,5
roxy_music-love_is_the_drug,0.838,0.757,2,-5.399,1,0.0927,0.059,0.0119,0.0271,0.602,124.65,4
roy_orbison-running_scared,0.572,0.392,9,-10.555,1,0.0325,0.778,0.000435,0.15,0.381,128.255,3
rubn_gonzlez-cumbanchero,0.491,0.591,2,-9.693,1,0.0389,0.624,0.326,0.259,0.544,130.232,4
rufus_wainwright-cigarettes_and_chocolate_milk,0.46,0.378,4,-8.95,1,0.0271,0.795,0.0,0.0905,0.166,97.891,4
sade-smooth_operator,0.734,0.581,9,-6.619,0,0.032,0.24,0.000585,0.0298,0.962,119.337,4
santana-love_of_my_life,0.397,0.773,7,-5.931,0,0.0456,0.322,0.553,0.27,0.844,93.148,4
sarah_mclachlan-possession,0.476,0.658,6,-6.737,0,0.0281,0.2,0.00155,0.0635,0.357,97.527,4
saros-prelude,0.372,0.0597,0,-23.124,0,0.0403,0.958,0.791,0.0984,0.046,133.092,4
scott_hill-silk_road,0.392,0.177,3,-14.928,1,0.0415,0.784,0.521,0.111,0.261,112.162,4
screaming_trees-nearly_lost_you,0.166,0.971,7,-5.231,1,0.119,3.84e-05,6.15e-05,0.21,0.434,202.234,4
sebadoh-soul_and_fire,0.431,0.618,8,-9.404,1,0.0265,0.0258,0.000743,0.0837,0.325,99.342,4
seismic_anamoly-wreckinball,0.568,0.941,7,-4.097,1,0.0376,0.0016,0.857,0.111,0.589,99.005,4
sex_pistols-pretty_vacant,0.258,0.932,2,-5.194,1,0.0702,0.0467,8.09e-06,0.142,0.334,145.582,4
shakira-the_one,0.368,0.542,8,-6.677,1,0.0441,0.138,7.89e-06,0.105,0.14,144.071,4
shane_jackman-set_fire_to_the_city,0.635,0.508,5,-8.38,1,0.0291,0.266,1.26e-05,0.0993,0.437,133.899,4
sheryl_crow-i_shall_believe,0.548,0.159,4,-14.452,1,0.0505,0.913,2.81e-05,0.104,0.122,135.259,3
shins-new_slang,0.669,0.389,0,-11.547,1,0.0306,0.605,0.16,0.0905,0.649,130.015,4
shira_kammen-music_of_waters,0.23,0.187,2,-18.085,1,0.0454,0.573,0.0332,0.117,0.165,149.351,3
shiva_in_exile-hollow_earth,0.287,0.352,0,-14.419,1,0.0307,0.229,0.87,0.0953,0.0753,64.89,3
shuggie_otis-sweet_thang,0.432,0.518,7,-13.403,1,0.0375,0.0965,0.788,0.136,0.339,142.735,4
simon_and_garfunkel-the_only_living_boy_in_new_york,0.411,0.381,11,-12.361,1,0.0286,0.13,0.257,0.132,0.524,76.963,4
sinad_oconnor-no_mans_woman,0.551,0.67,9,-3.897,1,0.0471,0.146,0.000668,0.126,0.833,180.006,4
sir_mix-a-lot-baby_got_back,0.905,0.828,1,-6.472,1,0.305,0.166,0.0,0.328,0.945,104.013,4
skitzo-last_depression,0.276,0.962,7,-6.783,1,0.105,8.01e-05,0.524,0.0691,0.133,83.685,4
sly_and_the_family_stone-just_like_a_baby,0.84,0.398,10,-13.419,1,0.0333,0.00891,0.361,0.0921,0.466,97.979,1
small_faces-lazy_sunday,0.577,0.644,2,-8.056,1,0.055,0.101,1.18e-05,0.695,0.313,134.084,4
smashing_pumpkins-rocket,0.195,0.665,0,-9.097,1,0.0345,2.8e-06,0.928,0.0723,0.358,89.005,4
smithereens-behind_the_wall_of_sleep,0.42,0.846,10,-11.774,0,0.0482,0.00749,0.000101,0.161,0.542,137.599,4
smiths-how_soon_is_now,0.398,0.93,11,-6.76,1,0.0615,0.000854,0.121,0.0874,0.725,190.818,4
smokey_robinson-cruisin,0.498,0.63,6,-5.808,0,0.0276,0.416,0.0,0.238,0.822,169.115,4
smokey_robinson_and_the_miracles-ooo_baby_baby,0.185,0.344,7,-9.378,1,0.0295,0.81,0.0,0.166,0.424,178.635,3
snoop_doggy_dogg-gin_and_juice,0.549,0.845,7,-4.279,1,0.2,0.0287,0.000492,0.67,0.351,94.491,4
somadrone-coda,0.287,0.631,9,-4.716,1,0.0294,0.0369,0.409,0.304,0.26,77.778,4
sonic_youth-teen_age_riot,0.286,0.907,7,-9.67,1,0.0374,0.000277,0.202,0.0837,0.746,156.395,4
sonny_rollins-strode_rode,0.447,0.535,5,-8.205,0,0.0347,0.653,0.0146,0.171,0.838,129.539,4
soul_ii_soul-keep_on_movin,0.673,0.386,6,-16.149,0,0.0642,0.0264,0.000521,0.0414,0.673,93.139,4
soulprint-crawlspace,0.452,0.579,2,-10.486,1,0.0351,0.000209,0.0102,0.059,0.702,91.122,4
soundgarden-black_hole_sun,0.35,0.828,6,-5.373,1,0.041,0.000217,0.000161,0.0774,0.147,105.435,4
specials-gangsters,0.701,0.664,4,-8.248,0,0.0362,0.0092,0.116,0.452,0.814,130.419,4
spencer_davis_group-gimme_some_lovin,0.598,0.564,0,-6.454,1,0.032,0.216,0.000204,0.277,0.43,147.619,4
spice_girls-stop,0.722,0.845,2,-4.446,0,0.0308,0.287,0.0,0.0561,0.965,130.13,4
spinecar-stay,0.498,0.868,7,-10.894,1,0.0421,0.00195,0.0443,0.702,0.424,111.375,1
spiritualized-stop_your_crying,0.348,0.471,0,-7.145,1,0.0294,0.41,0.00526,0.0821,0.224,145.798,4
squarepusher-a_journey_to_reedham_(7am_mix),0.467,0.947,2,-9.041,1,0.0382,0.00074,0.683,0.335,0.391,94.52,4
squeeze-pulling_mussels_from_the_shell,0.593,0.702,0,-12.668,1,0.0409,0.002,8.38e-05,0.19,0.901,142.006,4
stan_getz-corcovado_quiet_nights_of_quiet_stars,0.572,0.152,9,-15.658,0,0.0408,0.961,0.000432,0.136,0.339,127.497,4
standells-dirty_water,0.62,0.781,9,-5.938,1,0.0379,0.181,0.0,0.187,0.864,144.707,4
starship-nothings_gonna_stop_us_now,0.643,0.801,6,-4.921,1,0.0228,0.0298,0.0,0.0719,0.534,95.988,4
steely_dan-rikki_dont_lose_that_number,0.656,0.462,11,-14.072,0,0.0373,0.518,0.000137,0.091,0.642,116.049,4
steppenwolf-born_to_be_wild,0.439,0.734,2,-12.168,1,0.097,0.262,0.333,0.244,0.54,145.703,4
stereolab-cybeles_reverie,0.321,0.788,2,-7.772,0,0.0289,0.00976,0.395,0.29,0.657,126.355,4
stevie_ray_vaughan-pride_and_joy,0.427,0.626,8,-11.821,1,0.0385,0.0274,0.00395,0.106,0.743,126.877,4
stevie_wonder-for_once_in_my_life,0.524,0.519,6,-11.903,1,0.043,0.195,0.0,0.523,0.847,110.121,4
sting-big_lie_small_world,0.687,0.521,11,-12.275,0,0.0451,0.0609,0.0187,0.114,0.366,160.086,4
stone_roses-i_wanna_be_adored,0.492,0.862,4,-9.158,0,0.0273,0.0121,0.213,0.228,0.591,112.598,4
stooges-dirt,0.407,0.665,5,-8.077,1,0.0365,0.00801,0.196,0.115,0.581,141.79,4
stranglers-golden_brown,0.562,0.383,6,-15.474,1,0.0304,0.143,0.124,0.138,0.599,93.764,3
strawbs-new_world,0.18,0.529,4,-10.943,0,0.0422,0.0211,0.0162,0.313,0.368,177.341,3
strojovna_07-130,0.808,0.843,0,-10.701,1,0.0726,0.0399,0.93,0.0888,0.411,130.023,4
style_council-headstart_for_happiness,0.488,0.904,9,-4.985,1,0.0366,0.171,0.0,0.0726,0.561,80.945,4
sundays-heres_where_the_story_ends,0.62,0.593,7,-10.985,1,0.0281,0.294,0.0,0.0749,0.833,109.044,4
superchunk-slack_motherfucker,0.277,0.839,4,-9.534,1,0.042,0.000101,0.659,0.138,0.556,152.373,4
sweet-fox_on_the_run,0.511,0.644,4,-12.191,1,0.0352,0.173,6.17e-05,0.0928,0.828,128.067,4
syd_barrett-effervescing_elephant,0.707,0.215,7,-19.143,1,0.452,0.65,5.57e-06,0.249,0.852,122.233,3
sylvester-you_make_me_feel_mighty_real,0.642,0.806,10,-12.973,1,0.032,0.0455,0.314,0.0498,0.962,131.577,4
syreeta-what_love_has_joined_together,0.421,0.634,2,-6.97,1,0.0461,0.498,0.0,0.156,0.456,89.528,4
t._rex-children_of_the_revolution,0.538,0.652,2,-11.285,1,0.052,0.0465,0.0,0.0734,0.785,130.398,4
talking_heads-and_she_was,0.763,0.629,9,-9.947,1,0.0322,0.013,0.0585,0.0756,0.973,126.477,4
tears_for_fears-everybody_wants_to_rule_the_world,0.645,0.795,7,-12.095,1,0.0527,0.347,0.00389,0.104,0.535,112.067,4
teenage_fanclub-the_concept,0.424,0.702,7,-10.008,1,0.033,0.00509,0.17,0.144,0.499,111.566,4
television-venus,0.55,0.631,0,-11.493,1,0.0385,0.000898,0.18,0.0503,0.908,114.553,4
temptations-since_i_lost_my_baby,0.52,0.679,3,-5.888,1,0.0259,0.13,1.74e-06,0.0556,0.92,100.974,4
thelonious_monk-epistrophy,0.499,0.875,5,-6.487,0,0.0732,0.0303,0.887,0.953,0.713,98.693,4
they_might_be_giants-i_should_be_allowed_to_think,0.595,0.661,1,-8.237,0,0.0298,0.0319,3.38e-06,0.321,0.794,133.239,4
thin_lizzy-dont_believe_a_word,0.461,0.652,8,-11.994,0,0.0465,0.306,0.00329,0.0958,0.92,140.322,4
third_eye_blind-semi-charmed_life,0.64,0.864,7,-6.576,1,0.0315,0.00832,0.0,0.123,0.7,102.026,4
throwing_muses-hate_my_way,0.303,0.937,2,-6.404,1,0.0391,0.0118,0.0248,0.442,0.648,115.651,3
thursday_group-like_white_on_rice,0.424,0.455,8,-12.836,0,0.0802,0.0184,0.0408,0.167,0.755,145.759,5
tilopa-kyo_rei,0.159,0.0247,6,-23.552,1,0.0406,0.988,0.642,0.109,0.0333,72.786,4
tim_buckley-morning_glory,0.358,0.285,8,-13.262,1,0.0325,0.884,0.000477,0.0452,0.38,83.858,3
tim_hardin-dont_make_promises,0.654,0.398,9,-13.607,1,0.0329,0.848,0.00226,0.124,0.784,76.198,4
tim_rayborn-yedi_tekrar,0.469,0.613,1,-14.188,0,0.105,0.0738,0.841,0.0725,0.708,170.482,3
todd_rundgren-bang_the_drum_all_day,0.639,0.752,2,-12.454,1,0.0451,0.541,0.0,0.0453,0.966,143.086,4
tom_paul-little_part_of_me,0.699,0.789,2,-5.962,1,0.0295,0.111,0.0,0.115,0.805,129.923,4
tom_petty-i_wont_back_down,0.765,0.476,7,-13.487,1,0.0329,0.0504,2.76e-06,0.165,0.965,114.02,4
tom_petty_and_the_heartbreakers-dont_come_around_here_no_more,0.502,0.54,10,-15.93,1,0.0318,0.00105,0.00849,0.243,0.922,160.531,4
tom_waits-time,0.368,0.116,2,-22.515,1,0.0417,0.746,0.000257,0.139,0.295,133.191,3
tommy_james_and_the_shondells-i_think_were_alone_now,0.783,0.42,11,-11.05,0,0.103,0.0722,0.0316,0.0692,0.716,131.75,4
tori_amos-professional_widow,0.529,0.57,9,-7.866,0,0.0581,0.354,0.0,0.192,0.527,138.145,4
touchinggrace-wild_spring_apples,0.345,0.384,1,-14.595,1,0.0317,0.0809,0.881,0.0978,0.11,99.071,4
traffic-pearly_queen,0.544,0.527,2,-10.418,0,0.0402,0.0295,0.008,0.104,0.572,103.77,4
tricky-christiansands,0.662,0.806,11,-9.954,1,0.129,0.0159,0.00637,0.139,0.51,89.951,4
troggs-wild_thing,0.453,0.658,9,-13.472,1,0.0539,0.741,0.0288,0.135,0.761,203.871,4
turtles-elenore,0.63,0.625,4,-8.407,1,0.0375,0.6,1.52e-05,0.24,0.887,122.504,4
u2-hold_me_thrill_me_kiss_me_kill_me,0.368,0.852,10,-6.978,0,0.0433,7.47e-05,0.258,0.218,0.347,171.692,4
ultravox-dancing_with_tears_in_my_eyes,0.592,0.916,9,-6.9,1,0.0482,0.0856,9.27e-05,0.161,0.886,144.262,4
uncle_tupelo-the_long_cut,0.445,0.802,7,-8.705,1,0.0331,0.000813,0.057,0.118,0.563,130.387,4
urge_overkill-sister_havana,0.591,0.803,5,-8.874,1,0.0325,0.000983,0.0537,0.0659,0.729,136.769,4
utopia_banished-by_mourning,0.237,0.982,4,-6.984,0,0.225,2.51e-06,0.657,0.0632,0.181,139.009,3
van_halen-aint_talkin_bout_love,0.518,0.938,8,-5.964,0,0.0416,0.021,0.000305,0.288,0.71,139.138,4
van_morrison-and_it_stoned_me,0.593,0.468,7,-11.165,1,0.0285,0.35,3.52e-05,0.0919,0.597,75.798,4
vapors-turning_japanese,0.503,0.803,0,-9.701,1,0.0485,0.01,0.0648,0.292,0.941,179.007,4
velvet_underground-new_age,0.355,0.34,2,-11.488,1,0.0263,0.284,5.59e-05,0.104,0.19,80.273,4
violent_femmes-blister_in_the_sun,0.726,0.537,0,-8.896,1,0.113,0.316,0.0,0.0707,0.887,96.91,4
war-all_day_music,0.488,0.48,4,-11.91,0,0.0313,0.156,0.00144,0.685,0.558,107.261,4
weezer-buddy_holly,0.556,0.92,8,-4.606,1,0.0367,0.00271,0.00021,0.117,0.771,121.138,4
wes_montgomery-bumpin,0.759,0.247,4,-19.827,0,0.0521,0.875,0.432,0.0978,0.443,107.601,4
white_stripes-hotel_yorba,0.385,0.791,7,-2.647,1,0.0949,0.454,0.0,0.0755,0.764,194.638,4
whitney_houston-how_will_i_know,0.832,0.544,6,-12.697,1,0.0442,0.201,0.000139,0.632,0.928,119.49,4
who-bargain,0.452,0.888,3,-7.994,1,0.054,0.0169,0.00341,0.17,0.336,133.883,4
wicked_boy-pressure,0.649,0.79,9,-7.514,1,0.0613,0.000902,0.872,0.171,0.174,130.038,4
wilco-kingpin,0.624,0.535,0,-7.879,1,0.0349,0.149,0.256,0.184,0.549,140.135,4
williamson-whats_on_the_ceiling_beats_whats_on_tv,0.917,0.433,11,-14.653,1,0.0638,0.198,0.864,0.112,0.346,114.411,4
xtc-love_at_first_sight,0.764,0.815,7,-5.26,1,0.0604,0.0121,0.00167,0.138,0.679,116.121,4
yakshi-chandra,0.647,0.184,10,-14.672,1,0.0512,0.973,0.934,0.0906,0.0566,111.442,4
yeah_yeah_yeahs-maps,0.502,0.941,7,-5.194,1,0.0716,0.000346,0.319,0.553,0.124,119.783,4
yes-leave_it,0.663,0.898,5,-4.828,1,0.0425,0.528,0.000216,0.27,0.628,100.033,4
yo_la_tengo-tom_courtenay,0.249,0.611,9,-7.431,1,0.0397,0.57,0.675,0.0902,0.3,124.864,4
young_mc-bust_a_move,0.946,0.772,4,-7.537,0,0.121,0.0512,2.26e-06,0.0612,0.743,116.972,4
young_rascals-baby_lets_wait,0.26,0.327,7,-15.096,0,0.0315,0.409,0.0,0.405,0.498,84.049,4
zapp-dance_floor,0.868,0.802,0,-7.831,1,0.053,0.151,0.0032,0.0667,0.905,110.536,4
zombies-beechwood_park,0.372,0.486,3,-9.526,1,0.0417,0.882,0.00166,0.17,0.385,145.0,4
